_c0,OPcodes,count
7BFRaJIPKrv3QVbkDx9C,db,1024
7BFRaJIPKrv3QVbkDx9C,push,359
7BFRaJIPKrv3QVbkDx9C,add,189
7BFRaJIPKrv3QVbkDx9C,pop,173
7BFRaJIPKrv3QVbkDx9C,call,171
7BFRaJIPKrv3QVbkDx9C,mov,155
7BFRaJIPKrv3QVbkDx9C,dd,75
7BFRaJIPKrv3QVbkDx9C,align,60
7BFRaJIPKrv3QVbkDx9C,sub,56
7BFRaJIPKrv3QVbkDx9C,lea,39
7BFRaJIPKrv3QVbkDx9C,jnz,9
7BFRaJIPKrv3QVbkDx9C,xor,8
7BFRaJIPKrv3QVbkDx9C,test,8
7BFRaJIPKrv3QVbkDx9C,and,7
7BFRaJIPKrv3QVbkDx9C,sbb,6
7BFRaJIPKrv3QVbkDx9C,cmp,6
7BFRaJIPKrv3QVbkDx9C,adc,4
7BFRaJIPKrv3QVbkDx9C,jz,4
7BFRaJIPKrv3QVbkDx9C,dec,3
7BFRaJIPKrv3QVbkDx9C,or,3
7BFRaJIPKrv3QVbkDx9C,jb,1
7BFRaJIPKrv3QVbkDx9C,ja,1
