,OPcodes,count
0,db,83163
1,mov,1820
2,xor,1483
3,push,693
4,align,464
5,dd,458
6,adc,418
7,call,367
8,add,336
9,pop,332
10,cmp,266
11,lea,207
12,sub,195
13,and,162
14,or,148
15,jmp,130
16,fstp,130
17,fxch,113
18,retn,107
19,dec,104
20,inc,102
21,test,95
22,jb,91
23,jz,76
24,fld,73
25,shl,58
26,movzx,54
27,xchg,50
28,jnz,48
29,not,45
30,imul,35
31,jnb,26
32,jl,25
33,unicode,25
34,mul,24
35,jbe,21
36,jns,20
37,sar,18
38,dw,17
39,jge,15
40,shr,14
41,sbb,13
42,sal,13
43,ja,11
44,les,10
45,fnstsw,10
46,fild,8
47,lock,7
48,rcl,6
49,movlps,5
50,div,5
51,rep,5
52,fdivr,4
53,neg,4
54,fdiv,4
55,jg,3
56,jp,2
57,fcomp,2
58,rcr,2
59,fst,2
60,faddp,2
61,fadd,2
62,fstsw,1
63,fdivrp,1
64,ror,1
65,fdivp,1
